{
  "name": "Georgia",
  "biden": 2443.364,
  "trump": 2446.85,
  "counties": [
    {
      "name": "Clayton",
      "biden": 89.287,
      "trump": 14.986,
      "perc": 0.9483962833788449
    },
    {
      "name": "Floyd",
      "biden": 10.818,
      "trump": 26.843,
      "perc": 0.8892488405155335
    },
    {
      "name": "Taylor",
      "biden": 1.382,
      "trump": 2.405,
      "perc": 0.9634392334846192
    }
  ]
}