{
  "name": "Georgia",
  "biden": 2446.814,
  "trump": 2448.081,
  "counties": [
    {
      "name": "Clayton",
      "biden": 91.072,
      "trump": 15.222,
      "perc": 0.9669253161020539
    },
    {
      "name": "Taylor",
      "biden": 1.382,
      "trump": 2.405,
      "perc": 0.9634392334846192
    }
  ]
}