{
  "name": "Georgia",
  "biden": 2447.518,
  "trump": 2448.183,
  "counties": [
    {
      "name": "Clayton",
      "biden": 91.776,
      "trump": 15.324,
      "perc": 0.9742792512684637
    },
    {
      "name": "Taylor",
      "biden": 1.382,
      "trump": 2.405,
      "perc": 0.9634392334846192
    }
  ]
}