{
  "name": "Georgia",
  "biden": 2444.518,
  "trump": 2447.015,
  "counties": [
    {
      "name": "Clayton",
      "biden": 90.441,
      "trump": 15.151,
      "perc": 0.9604455619542002
    },
    {
      "name": "Taylor",
      "biden": 1.382,
      "trump": 2.405,
      "perc": 0.9634392334846192
    }
  ]
}